ID,DATETIME,TYPE,ITEM
ffedec204b9ee2bfe0d28afa48b9ae6a9439e0eca687fe5058d0d14416e12815,2021-04-18 21:28:18.921967,Sudoku,"{""solved"": [7, 9, 5, 2, 1, 6, 3, 8, 4, 6, 3, 1, 5, 8, 4, 2, 7, 9, 8, 4, 2, 3, 7, 9, 1, 5, 6, 3, 7, 4, 9, 5, 8, 6, 2, 1, 5, 2, 6, 7, 4, 1, 8, 9, 3, 9, 1, 8, 6, 2, 3, 5, 4, 7, 1, 5, 7, 4, 6, 2, 9, 3, 8, 4, 6, 3, 8, 9, 5, 7, 1, 2, 2, 8, 9, 1, 3, 7, 4, 6, 5], ""unsolved"": [7, null, null, null, null, null, null, null, 4, null, null, null, null, 8, null, 2, null, null, null, 4, 2, null, 7, 9, null, 5, null, 3, 7, null, null, null, null, 6, 2, 1, null, null, 6, 7, null, null, null, 9, 3, null, null, null, 6, null, null, 5, 4, null, 1, null, 7, 4, 6, null, 9, 3, 8, null, 6, null, 8, 9, null, 7, null, 2, null, null, 9, 1, null, 7, null, null, null]}"
970dc60a6afdc64e60da9bc1fe27237602db648d8fb377e779c0c8b7294b0f93,2021-04-18 18:18:02.640165,Sudoku,"{""solved"": [4, 2, 8, 6, 7, 5, 9, 3, 1, 9, 7, 5, 8, 3, 1, 4, 6, 2, 3, 6, 1, 4, 9, 2, 7, 8, 5, 1, 3, 4, 9, 5, 8, 6, 2, 7, 5, 9, 7, 2, 6, 3, 8, 1, 4, 2, 8, 6, 7, 1, 4, 3, 5, 9, 8, 4, 3, 5, 2, 9, 1, 7, 6, 6, 1, 2, 3, 4, 7, 5, 9, 8, 7, 5, 9, 1, 8, 6, 2, 4, 3], ""unsolved"": [4, null, null, 6, 7, null, null, null, 1, null, null, null, 8, null, 1, null, null, 2, 3, 6, null, null, null, 2, null, 8, null, 1, 3, null, null, 5, null, 6, 2, 7, null, 9, null, null, null, null, 8, null, null, null, 8, 6, 7, null, null, 3, 5, null, 8, null, null, null, 2, 9, null, 7, null, null, 1, null, null, null, 7, 5, 9, null, 7, null, null, null, 8, null, null, null, null]}"
13e27e726875d884af847c0918ef9145dfeaeee3764fc2999772bb4344037778,2021-04-17 23:59:48.491467,Sudoku,"{""solved"": [6, 3, 2, 8, 9, 4, 1, 5, 7, 4, 8, 5, 1, 7, 2, 3, 9, 6, 9, 7, 1, 5, 6, 3, 2, 4, 8, 1, 4, 9, 6, 3, 8, 5, 7, 2, 7, 2, 6, 4, 5, 9, 8, 1, 3, 3, 5, 8, 2, 1, 7, 9, 6, 4, 5, 6, 7, 3, 8, 1, 4, 2, 9, 2, 1, 3, 9, 4, 6, 7, 8, 5, 8, 9, 4, 7, 2, 5, 6, 3, 1], ""unsolved"": [6, null, 2, null, 9, null, null, 5, 7, 4, null, 5, null, null, 2, 3, null, 6, 9, null, null, null, null, null, null, null, null, null, 4, 9, null, 3, null, 5, null, 2, 7, null, null, 4, null, null, null, 1, null, null, null, null, 2, 1, 7, null, null, null, null, null, 7, null, null, null, null, 2, 9, null, 1, 3, 9, 4, 6, null, 8, null, 8, 9, null, null, null, null, 6, null, null]}"
cee5f2bdae289096722ea793c7819ff990a65c076f80b63533c1118683d42f56,2021-03-07 01:05:05.734903,Sudoku,"{""solved"": [5, 7, 4, 1, 9, 6, 8, 3, 2, 8, 9, 3, 5, 2, 4, 1, 6, 7, 1, 2, 6, 3, 8, 7, 9, 5, 4, 4, 6, 2, 9, 1, 3, 7, 8, 5, 9, 5, 8, 4, 7, 2, 3, 1, 6, 3, 1, 7, 6, 5, 8, 4, 2, 9, 6, 4, 9, 8, 3, 5, 2, 7, 1, 7, 3, 5, 2, 4, 1, 6, 9, 8, 2, 8, 1, 7, 6, 9, 5, 4, 3], ""unsolved"": [null, 7, null, 1, 9, 6, null, null, null, null, 9, null, null, null, null, 1, 6, 7, 1, null, null, null, 8, null, null, 5, 4, null, null, 2, 9, null, null, 7, null, 5, null, 5, 8, null, null, null, null, null, 6, null, null, null, 6, 5, null, null, null, null, null, 4, 9, null, 3, null, 2, null, 1, null, null, null, null, 4, null, null, null, 8, 2, null, 1, null, 6, null, 5, 4, null]}"
e8aa5e9f9dd44d8b6033943aff68727a15de1ee93fc04700c83adab660205224,2021-03-07 00:28:26.054367,Sudoku,"{""solved"": [7, 4, 1, 5, 9, 8, 3, 6, 2, 8, 2, 6, 1, 4, 3, 7, 9, 5, 3, 9, 5, 2, 6, 7, 8, 4, 1, 1, 6, 2, 3, 8, 9, 4, 5, 7, 9, 3, 4, 7, 5, 1, 6, 2, 8, 5, 8, 7, 6, 2, 4, 1, 3, 9, 4, 5, 9, 8, 1, 6, 2, 7, 3, 6, 7, 8, 9, 3, 2, 5, 1, 4, 2, 1, 3, 4, 7, 5, 9, 8, 6], ""unsolved"": [null, 4, null, null, null, null, null, 6, null, null, null, 6, null, 4, 3, 7, null, null, null, 9, null, null, 6, 7, 8, null, 1, 1, null, null, 3, 8, null, null, null, 7, 9, null, 4, 7, null, null, 6, 2, 8, null, 8, null, null, null, null, null, 3, null, null, null, 9, 8, null, 6, null, 7, 3, 6, 7, 8, null, null, 2, 5, 1, 4, 2, 1, 3, 4, 7, 5, null, null, null]}"
a152ec6bb9f7173aa2a8399a4e7812ff012f03f1b66e57ddf8771d4edf4a2243,2021-03-06 21:09:56.292638,Sudoku,"{""solved"": [3, 6, 5, 8, 1, 4, 2, 9, 7, 8, 2, 1, 9, 6, 7, 4, 5, 3, 9, 7, 4, 5, 2, 3, 6, 8, 1, 5, 8, 3, 6, 4, 1, 7, 2, 9, 4, 9, 7, 2, 3, 8, 5, 1, 6, 2, 1, 6, 7, 9, 5, 8, 3, 4, 1, 4, 8, 3, 5, 6, 9, 7, 2, 7, 3, 9, 4, 8, 2, 1, 6, 5, 6, 5, 2, 1, 7, 9, 3, 4, 8], ""unsolved"": [null, null, null, null, null, 4, null, null, null, null, 2, 1, 9, null, 7, 4, 5, 3, 9, null, 4, 5, 2, null, null, null, null, 5, 8, 3, null, null, 1, null, 2, null, 4, null, 7, 2, 3, null, null, null, null, 2, null, 6, null, null, 5, 8, 3, 4, 1, 4, null, 3, 5, null, 9, null, 2, null, null, null, null, null, null, null, 6, 5, null, null, 2, 1, 7, null, 3, 4, null]}"
2585696375f0581ef6956f8c4c938242a09acb0ff86b0ce11036c56072b90160,2021-02-28 21:02:24.434623,Sudoku,"{""solved"": [6, 4, 5, 1, 9, 8, 7, 2, 3, 2, 1, 8, 3, 7, 4, 5, 9, 6, 9, 7, 3, 6, 2, 5, 1, 8, 4, 3, 6, 2, 8, 5, 9, 4, 7, 1, 7, 5, 9, 4, 1, 3, 8, 6, 2, 4, 8, 1, 2, 6, 7, 3, 5, 9, 1, 3, 7, 9, 8, 6, 2, 4, 5, 8, 9, 4, 5, 3, 2, 6, 1, 7, 5, 2, 6, 7, 4, 1, 9, 3, 8], ""unsolved"": [6, 4, null, null, 9, 8, null, null, 3, 2, null, null, null, 7, null, 5, 9, null, 9, null, null, null, 2, 5, null, null, null, null, null, 2, 8, 5, null, 4, null, null, null, 5, 9, 4, null, null, null, 6, null, 4, null, 1, null, null, null, null, null, 9, null, 3, null, null, null, 6, 2, 4, null, 8, null, null, null, 3, null, 6, 1, 7, null, 2, null, null, 4, null, null, 3, null]}"
b65bbfea2175daf79e8b7f19ee9641c63ce7166256e02a73f3dcffeadda97c4a,2021-02-27 18:35:20.889822,Sudoku,"{""solved"": [9, 4, 8, 3, 7, 5, 1, 2, 6, 1, 2, 7, 4, 6, 9, 8, 3, 5, 6, 5, 3, 2, 1, 8, 4, 9, 7, 7, 6, 4, 9, 5, 2, 3, 8, 1, 8, 1, 2, 6, 3, 7, 5, 4, 9, 5, 3, 9, 1, 8, 4, 7, 6, 2, 4, 9, 1, 5, 2, 3, 6, 7, 8, 2, 8, 6, 7, 4, 1, 9, 5, 3, 3, 7, 5, 8, 9, 6, 2, 1, 4], ""unsolved"": [9, 4, 8, 3, null, null, 1, null, null, null, 2, null, null, 6, null, null, 3, null, null, null, 3, null, null, null, null, null, 7, null, 6, 4, 9, null, 2, 3, null, null, 8, null, null, null, null, 7, 5, null, 9, null, null, null, null, 8, null, null, 6, 2, null, 9, null, null, null, null, 6, 7, null, null, 8, 6, null, 4, 1, null, null, 3, null, null, 5, 8, null, 6, null, null, 4]}"
04ef686b2a5858e53a31d802dd879ca2f164918792dfab6677bccc603305ce17,2021-02-27 17:32:18.997716,Sudoku,"{""solved"": [9, 7, 4, 6, 5, 2, 8, 3, 1, 6, 2, 3, 4, 8, 1, 7, 5, 9, 8, 1, 5, 7, 9, 3, 6, 2, 4, 5, 6, 2, 3, 7, 4, 9, 1, 8, 4, 8, 1, 9, 2, 5, 3, 7, 6, 7, 3, 9, 1, 6, 8, 2, 4, 5, 3, 5, 8, 2, 4, 9, 1, 6, 7, 2, 9, 6, 5, 1, 7, 4, 8, 3, 1, 4, 7, 8, 3, 6, 5, 9, 2], ""unsolved"": [null, null, 4, 6, 5, null, 8, 3, 1, 6, null, 3, 4, 8, 1, null, 5, null, 8, 1, 5, null, null, 3, null, null, null, 5, null, 2, 3, 7, null, null, 1, 8, null, null, null, null, 2, 5, null, 7, null, 7, null, null, 1, 6, 8, 2, 4, 5, null, 5, 8, 2, null, null, null, 6, 7, 2, 9, 6, null, null, null, 4, null, null, 1, 4, null, 8, 3, null, 5, null, 2]}"
67c9bde2e638f311423a0af30c5d9f5120df48549203f98f38ceec910f2357a2,2021-02-27 17:26:26.665229,Sudoku,"{""solved"": [8, 6, 5, 4, 2, 1, 7, 9, 3, 4, 7, 9, 3, 8, 6, 1, 5, 2, 3, 1, 2, 7, 5, 9, 8, 4, 6, 7, 5, 4, 8, 9, 3, 2, 6, 1, 1, 9, 3, 5, 6, 2, 4, 7, 8, 6, 2, 8, 1, 4, 7, 5, 3, 9, 9, 4, 6, 2, 7, 8, 3, 1, 5, 2, 3, 7, 9, 1, 5, 6, 8, 4, 5, 8, 1, 6, 3, 4, 9, 2, 7], ""unsolved"": [null, 6, 5, 4, null, 1, 7, 9, null, 4, 7, 9, null, null, 6, null, 5, 2, 3, 1, 2, 7, null, 9, null, 4, 6, 7, 5, 4, 8, null, 3, 2, null, 1, 1, null, null, 5, 6, 2, null, 7, null, null, null, null, 1, null, null, null, null, null, null, null, 6, null, null, 8, null, null, 5, 2, 3, 7, 9, 1, 5, 6, 8, null, null, 8, 1, 6, null, 4, 9, 2, 7]}"
2f272299581b1556ef045bb07073df2f711ade775e592ae80b68d5fb4c439293,2021-02-27 16:21:35.949816,Sudoku,"{""solved"": [7, 1, 4, 6, 3, 9, 5, 2, 8, 2, 3, 6, 5, 1, 8, 7, 4, 9, 9, 5, 8, 2, 4, 7, 3, 6, 1, 8, 9, 3, 7, 2, 5, 4, 1, 6, 6, 7, 5, 1, 8, 4, 2, 9, 3, 1, 4, 2, 3, 9, 6, 8, 5, 7, 3, 2, 7, 9, 5, 1, 6, 8, 4, 5, 8, 9, 4, 6, 3, 1, 7, 2, 4, 6, 1, 8, 7, 2, 9, 3, 5], ""unsolved"": [null, null, null, 6, null, null, null, 2, 8, 2, 3, null, null, null, null, null, 4, 9, null, 5, 8, 2, 4, 7, 3, 6, 1, null, 9, 3, null, null, 5, null, 1, null, 6, 7, null, null, 8, 4, null, null, null, null, null, null, 3, null, null, null, 5, null, null, null, null, 9, 5, null, null, null, 4, 5, 8, null, null, 6, null, null, null, 2, 4, null, null, 8, null, 2, 9, 3, 5]}"
f21f699354591f9b99fbecb4a8bab268a4364c0e4d053c9caf8abf44685b80b5,2021-02-14 00:06:54.873242,Sudoku,"{""solved"": [4, 6, 5, 3, 7, 8, 9, 1, 2, 9, 7, 1, 4, 2, 5, 8, 3, 6, 3, 2, 8, 9, 6, 1, 7, 4, 5, 1, 8, 6, 7, 9, 2, 4, 5, 3, 7, 5, 3, 8, 4, 6, 2, 9, 1, 2, 4, 9, 5, 1, 3, 6, 7, 8, 5, 1, 7, 6, 8, 9, 3, 2, 4, 6, 3, 4, 2, 5, 7, 1, 8, 9, 8, 9, 2, 1, 3, 4, 5, 6, 7], ""unsolved"": [null, null, 5, null, null, 8, null, null, null, 9, null, null, null, null, null, 8, 3, 6, null, 2, 8, 9, 6, null, null, null, null, null, 8, null, null, null, null, null, null, null, 7, null, 3, null, null, 6, 2, null, null, 2, null, 9, 5, null, 3, null, null, null, 5, null, 7, null, null, null, 3, 2, 4, null, null, 4, null, null, null, 1, null, 9, null, null, 2, 1, 3, 4, 5, 6, null]}"
b26fe9175935ef079fab6ceaef5a10f001898b4e54737cc0bbf7728618dbef5e,2021-02-13 21:12:02.214662,Sudoku,"{""solved"": [4, 2, 1, 6, 7, 9, 5, 3, 8, 7, 9, 8, 5, 3, 1, 2, 6, 4, 6, 3, 5, 8, 4, 2, 1, 7, 9, 2, 1, 7, 9, 5, 3, 8, 4, 6, 9, 6, 4, 1, 8, 7, 3, 2, 5, 5, 8, 3, 4, 2, 6, 7, 9, 1, 1, 7, 9, 2, 6, 8, 4, 5, 3, 8, 4, 2, 3, 9, 5, 6, 1, 7, 3, 5, 6, 7, 1, 4, 9, 8, 2], ""unsolved"": [null, 2, null, null, null, null, 5, 3, null, 7, null, null, null, 3, 1, 2, null, null, null, null, 5, 8, 4, null, 1, 7, 9, null, 1, null, null, 5, 3, 8, 4, null, null, 6, 4, 1, 8, null, null, 2, 5, 5, null, 3, 4, 2, null, 7, 9, null, 1, 7, null, null, 6, null, null, null, null, 8, null, 2, null, 9, 5, 6, 1, null, 3, null, 6, null, 1, null, null, 8, null]}"
7ca971180aba1c712b1501da94be556090058f1b0483882c62f6a8aa7be47e3a,2021-02-13 20:04:02.117034,Sudoku,"{""solved"": [3, 7, 2, 1, 6, 8, 9, 4, 5, 9, 4, 6, 2, 3, 5, 1, 8, 7, 1, 8, 5, 7, 4, 9, 2, 6, 3, 4, 5, 3, 9, 7, 2, 8, 1, 6, 8, 6, 1, 4, 5, 3, 7, 2, 9, 7, 2, 9, 8, 1, 6, 3, 5, 4, 6, 1, 8, 3, 9, 4, 5, 7, 2, 2, 3, 4, 5, 8, 7, 6, 9, 1, 5, 9, 7, 6, 2, 1, 4, 3, 8], ""unsolved"": [3, null, null, null, 6, 8, null, 4, null, null, null, 6, 2, null, null, null, 8, 7, null, 8, 5, null, null, 9, 2, 6, null, 4, null, 3, 9, 7, 2, 8, null, 6, null, null, 1, null, 5, 3, 7, null, 9, null, 2, null, 8, 1, 6, 3, null, 4, 6, 1, 8, 3, 9, 4, null, 7, 2, 2, null, null, 5, 8, 7, 6, 9, 1, null, null, null, 6, 2, 1, 4, 3, null]}"
b2030d05a2fd8d8faf57c05e70f44822f16b0a70deffaffccfe83b6c82f93b56,2021-02-13 19:46:15.478240,Sudoku,"{""solved"": [5, 9, 4, 1, 2, 6, 8, 7, 3, 2, 3, 1, 8, 7, 4, 6, 5, 9, 8, 6, 7, 9, 3, 5, 4, 1, 2, 7, 5, 2, 4, 1, 3, 9, 6, 8, 4, 8, 6, 5, 9, 2, 7, 3, 1, 9, 1, 3, 7, 6, 8, 2, 4, 5, 3, 4, 8, 6, 5, 9, 1, 2, 7, 1, 2, 9, 3, 4, 7, 5, 8, 6, 6, 7, 5, 2, 8, 1, 3, 9, 4], ""unsolved"": [5, 9, 4, null, null, 6, 8, 7, 3, 2, null, 1, null, 7, null, null, 5, 9, null, 6, 7, 9, null, null, null, 1, null, null, 5, null, 4, null, 3, 9, 6, null, 4, 8, null, null, 9, 2, 7, 3, 1, 9, 1, 3, 7, null, 8, null, null, 5, null, 4, null, 6, null, null, null, null, null, null, 2, 9, 3, 4, null, 5, 8, 6, 6, null, 5, 2, 8, 1, null, 9, 4]}"
eb56955c5da406b7be2fa759621380427b7b7d00a9eb69fea9259e15b76005ba,2021-02-13 19:40:47.922054,Sudoku,"{""solved"": [4, 3, 9, 8, 5, 7, 1, 6, 2, 2, 6, 1, 9, 4, 3, 7, 5, 8, 8, 7, 5, 2, 1, 6, 4, 9, 3, 6, 5, 2, 1, 8, 4, 9, 3, 7, 1, 4, 3, 5, 7, 9, 2, 8, 6, 9, 8, 7, 6, 3, 2, 5, 1, 4, 7, 9, 6, 3, 2, 1, 8, 4, 5, 5, 1, 4, 7, 6, 8, 3, 2, 9, 3, 2, 8, 4, 9, 5, 6, 7, 1], ""unsolved"": [null, null, 9, 8, 5, 7, 1, null, 2, null, 6, 1, 9, 4, null, 7, 5, 8, null, 7, null, 2, 1, null, 4, 9, null, 6, null, 2, null, 8, null, 9, 3, null, null, 4, 3, null, 7, 9, null, 8, null, 9, 8, null, null, 3, null, null, 1, 4, null, null, 6, 3, 2, 1, 8, null, 5, 5, null, 4, 7, 6, 8, null, 2, 9, null, 2, 8, null, null, 5, null, 7, 1]}"
251ea83f85f3098332c946790c0b6c3149e5c5c1604f7618121c35b378716e50,2021-02-13 19:39:35.094698,Sudoku,"{""solved"": [2, 8, 5, 1, 4, 7, 6, 3, 9, 9, 6, 4, 2, 3, 5, 7, 8, 1, 7, 1, 3, 8, 9, 6, 5, 4, 2, 8, 3, 6, 9, 7, 2, 1, 5, 4, 1, 5, 2, 4, 6, 3, 8, 9, 7, 4, 9, 7, 5, 8, 1, 3, 2, 6, 3, 4, 9, 7, 1, 8, 2, 6, 5, 5, 7, 8, 6, 2, 9, 4, 1, 3, 6, 2, 1, 3, 5, 4, 9, 7, 8], ""unsolved"": [null, null, null, null, 4, 7, 6, 3, null, 9, 6, 4, null, 3, null, null, 8, null, 7, null, null, 8, null, null, null, null, 2, 8, null, 6, 9, null, 2, 1, null, 4, 1, 5, 2, null, null, null, 8, null, null, null, null, null, null, 8, 1, null, 2, 6, 3, 4, null, 7, 1, null, 2, null, 5, 5, null, 8, null, null, null, null, null, 3, 6, null, null, 3, null, 4, null, 7, null]}"
ec8f8f0ba21cb85ef9e83f42b6d8e68af05fc2405f7c4a2c75a2b6564553dbf1,2021-02-13 19:23:41.614414,Sudoku,"{""solved"": [5, 7, 3, 1, 2, 9, 6, 4, 8, 9, 2, 8, 5, 4, 6, 7, 3, 1, 6, 4, 1, 7, 8, 3, 2, 9, 5, 2, 9, 4, 6, 7, 5, 8, 1, 3, 8, 3, 6, 4, 1, 2, 9, 5, 7, 7, 1, 5, 3, 9, 8, 4, 6, 2, 1, 8, 7, 9, 5, 4, 3, 2, 6, 4, 6, 2, 8, 3, 1, 5, 7, 9, 3, 5, 9, 2, 6, 7, 1, 8, 4], ""unsolved"": [null, 7, null, null, 2, null, null, 4, 8, null, null, 8, 5, 4, null, null, null, 1, null, 4, null, null, null, 3, 2, 9, null, null, 9, null, null, null, 5, null, null, 3, null, 3, 6, 4, null, null, 9, null, null, 7, null, null, null, null, 8, 4, null, 2, null, null, 7, 9, null, null, null, null, 6, 4, 6, null, 8, 3, 1, null, null, null, 3, null, null, null, 6, 7, null, 8, 4]}"
11a7ed080d6f1ee76fb6dd4b9257fa6a9d10fddfb8c687749fafae67a9061c37,2021-02-10 19:14:11.334509,Sudoku,"{""solved"": [3, 6, 7, 9, 2, 5, 1, 4, 8, 5, 1, 9, 3, 4, 8, 2, 7, 6, 2, 4, 8, 1, 6, 7, 5, 9, 3, 9, 2, 1, 6, 7, 3, 8, 5, 4, 7, 5, 6, 8, 9, 4, 3, 2, 1, 4, 8, 3, 2, 5, 1, 7, 6, 9, 6, 3, 2, 5, 1, 9, 4, 8, 7, 1, 7, 5, 4, 8, 6, 9, 3, 2, 8, 9, 4, 7, 3, 2, 6, 1, 5], ""unsolved"": [null, null, 7, null, null, null, null, null, null, null, 1, null, 3, null, null, 2, null, 6, null, 4, null, null, 6, null, 5, 9, 3, null, null, null, null, null, 3, null, null, null, 7, null, null, null, null, 4, null, null, 1, 4, null, 3, 2, 5, 1, null, null, null, null, 3, null, 5, null, null, null, 8, null, null, 7, 5, null, null, null, null, null, null, 8, null, null, null, null, 2, null, null, null]}"
cb730646a3c8c2d171e60780fff163e2d97adc2f9b4f221204e363064d2a538e,2021-02-09 13:02:31.721245,Sudoku,"{""solved"": [1, 9, 2, 6, 8, 5, 3, 7, 4, 4, 7, 8, 2, 3, 9, 5, 1, 6, 5, 6, 3, 7, 1, 4, 9, 2, 8, 9, 2, 5, 8, 7, 1, 6, 4, 3, 6, 8, 4, 3, 9, 2, 7, 5, 1, 7, 3, 1, 4, 5, 6, 8, 9, 2, 8, 5, 9, 1, 4, 3, 2, 6, 7, 3, 1, 6, 9, 2, 7, 4, 8, 5, 2, 4, 7, 5, 6, 8, 1, 3, 9], ""unsolved"": [1, 9, null, null, 8, null, 3, 7, 4, 4, 7, 8, null, 3, null, 5, 1, null, null, 6, null, 7, 1, 4, null, 2, null, null, null, 5, 8, null, null, null, null, null, 6, null, null, 3, null, null, 7, null, null, null, null, 1, null, 5, 6, 8, 9, 2, null, null, 9, null, null, null, 2, null, null, null, 1, 6, 9, null, null, null, null, null, 2, null, 7, null, 6, null, 1, null, 9]}"
d411128d11c9ccfc28e81caee519f12092a7ce60a4c3126d84aa4aed23d9954d,2021-02-08 14:27:48.261594,Sudoku,"{""solved"": [5, 8, 4, 3, 9, 1, 6, 7, 2, 6, 3, 1, 7, 4, 2, 8, 5, 9, 9, 2, 7, 6, 5, 8, 4, 1, 3, 1, 5, 8, 2, 3, 4, 7, 9, 6, 2, 7, 3, 1, 6, 9, 5, 8, 4, 4, 6, 9, 8, 7, 5, 3, 2, 1, 8, 9, 6, 5, 1, 3, 2, 4, 7, 7, 1, 2, 4, 8, 6, 9, 3, 5, 3, 4, 5, 9, 2, 7, 1, 6, 8], ""unsolved"": [5, 8, 4, 3, null, null, 6, 7, null, null, 3, 1, null, null, 2, 8, null, null, null, null, 7, null, 5, 8, 4, 1, null, 1, 5, null, null, 3, null, 7, null, 6, null, null, 3, null, 6, null, 5, null, null, 4, null, 9, null, 7, 5, 3, 2, null, null, null, 6, 5, null, null, 2, null, null, 7, 1, null, 4, null, 6, 9, 3, null, 3, null, null, 9, 2, 7, null, null, 8]}"
8801ef98bf61daf594783826e165707937e33f5cc89dcd6005b4c3102017609f,2021-02-08 12:57:29.671483,Sudoku,"{""solved"": [4, 3, 5, 6, 7, 8, 2, 9, 1, 8, 7, 1, 2, 3, 9, 4, 6, 5, 2, 6, 9, 5, 4, 1, 3, 7, 8, 9, 8, 4, 1, 6, 7, 5, 3, 2, 3, 1, 6, 4, 2, 5, 9, 8, 7, 5, 2, 7, 9, 8, 3, 6, 1, 4, 6, 4, 3, 7, 1, 2, 8, 5, 9, 1, 9, 8, 3, 5, 4, 7, 2, 6, 7, 5, 2, 8, 9, 6, 1, 4, 3], ""unsolved"": [null, null, 5, 6, null, null, 2, 9, 1, 8, null, null, 2, null, 9, 4, null, 5, 2, 6, null, 5, null, null, 3, 7, 8, 9, null, 4, 1, null, null, null, 3, 2, null, 1, null, 4, null, 5, null, null, 7, null, null, null, 9, 8, null, 6, 1, 4, null, 4, 3, null, 1, 2, 8, null, 9, null, 9, null, 3, 5, 4, null, 2, 6, 7, null, null, null, null, null, null, null, 3]}"
b720f66d1c623bf5ad22dded0a17d1b1e77b2a23851e21af266a78d9f27f0600,2021-02-07 22:20:32.427433,Sudoku,"{""solved"": [4, 1, 3, 5, 2, 9, 6, 7, 8, 5, 2, 8, 6, 7, 4, 3, 1, 9, 7, 9, 6, 3, 8, 1, 5, 2, 4, 3, 4, 9, 7, 6, 2, 8, 5, 1, 1, 6, 7, 8, 4, 5, 2, 9, 3, 8, 5, 2, 9, 1, 3, 7, 4, 6, 2, 3, 5, 4, 9, 6, 1, 8, 7, 6, 8, 4, 1, 5, 7, 9, 3, 2, 9, 7, 1, 2, 3, 8, 4, 6, 5], ""unsolved"": [4, 1, 3, null, null, 9, null, null, 8, 5, null, null, null, 7, null, 3, 1, null, null, 9, null, null, null, null, null, 2, 4, null, null, 9, null, 6, null, null, null, null, 1, null, 7, null, null, 5, 2, null, null, null, 5, null, null, null, 3, null, null, 6, 2, null, 5, 4, null, null, null, 8, null, 6, 8, 4, null, 5, null, 9, null, null, 9, null, 1, 2, 3, null, null, 6, 5]}"
71034b79d1422b8aa4861d4d5b9974b6305ba6ba97b217f9f236ffc2cf3b2a5b,2021-02-07 20:34:03.673342,Sudoku,"{""solved"": [7, 6, 2, 8, 4, 1, 5, 9, 3, 4, 8, 3, 5, 9, 2, 7, 6, 1, 5, 1, 9, 6, 3, 7, 8, 2, 4, 3, 4, 8, 2, 6, 9, 1, 5, 7, 6, 9, 7, 4, 1, 5, 3, 8, 2, 2, 5, 1, 7, 8, 3, 6, 4, 9, 9, 3, 4, 1, 5, 6, 2, 7, 8, 8, 2, 5, 3, 7, 4, 9, 1, 6, 1, 7, 6, 9, 2, 8, 4, 3, 5], ""unsolved"": [null, 6, 2, null, null, 1, 5, 9, 3, 4, 8, null, 5, null, null, 7, null, null, null, 1, 9, 6, null, null, 8, null, null, 3, 4, 8, 2, 6, 9, 1, 5, null, 6, 9, 7, 4, 1, 5, 3, 8, 2, 2, 5, 1, 7, null, 3, 6, null, 9, 9, 3, null, 1, 5, 6, 2, 7, 8, 8, 2, 5, 3, 7, 4, null, 1, 6, 1, null, 6, 9, 2, 8, 4, 3, 5]}"
b2f32f37d1ee5b051115737ff90657058b679fcbe121a652a71ea75120ae1026,2021-02-02 17:36:37.722421,Sudoku,"{""solved"": [6, 1, 9, 8, 4, 3, 7, 2, 5, 8, 5, 3, 2, 7, 9, 4, 1, 6, 7, 4, 2, 1, 5, 6, 9, 3, 8, 4, 2, 1, 9, 8, 7, 5, 6, 3, 5, 3, 7, 4, 6, 2, 8, 9, 1, 9, 8, 6, 3, 1, 5, 2, 7, 4, 1, 9, 5, 7, 3, 4, 6, 8, 2, 3, 7, 4, 6, 2, 8, 1, 5, 9, 2, 6, 8, 5, 9, 1, 3, 4, 7], ""unsolved"": [null, 1, null, null, null, 3, 7, null, null, null, null, 3, null, 7, null, null, null, 6, null, null, null, null, null, 6, 9, null, 8, 4, 2, null, 9, null, 7, 5, null, null, null, 3, null, null, null, null, null, 9, null, null, 8, 6, 3, 1, 5, null, null, null, null, 9, null, 7, null, 4, null, 8, 2, 3, null, null, 6, 2, 8, null, 5, 9, null, null, null, null, null, null, 3, 4, null]}"
e50ad1e75c410def7b724e031b499647e2793a5ca005599d157fde3343a08ab8,2021-02-02 17:34:49.204085,Sudoku,"{""solved"": [4, 9, 7, 8, 1, 5, 6, 3, 2, 8, 3, 6, 9, 2, 7, 1, 4, 5, 1, 5, 2, 6, 4, 3, 7, 8, 9, 7, 4, 8, 2, 3, 6, 9, 5, 1, 9, 2, 5, 1, 8, 4, 3, 6, 7, 6, 1, 3, 5, 7, 9, 4, 2, 8, 3, 8, 1, 7, 6, 2, 5, 9, 4, 2, 6, 9, 4, 5, 1, 8, 7, 3, 5, 7, 4, 3, 9, 8, 2, 1, 6], ""unsolved"": [null, null, null, 8, null, 5, 6, null, 2, null, 3, null, null, 2, null, null, null, null, null, null, 2, 6, 4, 3, 7, null, 9, null, 4, null, 2, null, 6, null, 5, null, 9, null, null, 1, null, null, 3, 6, null, null, 1, null, null, 7, null, 4, null, null, 3, null, null, null, null, null, null, null, null, 2, 6, 9, null, 5, 1, 8, 7, null, null, null, null, null, 9, null, 2, 1, null]}"
04eecb0c18d442992b1944df165d2d6e4e5ea1fe8b3dba45d676b08b23eac90b,2021-02-02 12:51:14.032806,Sudoku,"{""solved"": [1, 4, 3, 6, 9, 2, 8, 7, 5, 5, 7, 9, 4, 8, 1, 6, 3, 2, 2, 6, 8, 3, 5, 7, 9, 4, 1, 3, 8, 6, 2, 1, 5, 4, 9, 7, 4, 5, 2, 9, 7, 6, 3, 1, 8, 9, 1, 7, 8, 3, 4, 5, 2, 6, 7, 3, 4, 1, 6, 8, 2, 5, 9, 6, 2, 5, 7, 4, 9, 1, 8, 3, 8, 9, 1, 5, 2, 3, 7, 6, 4], ""unsolved"": [1, 4, null, null, null, null, null, null, 5, 5, null, null, null, 8, 1, null, null, 2, null, 6, 8, 3, 5, 7, 9, 4, 1, null, 8, 6, 2, null, 5, 4, 9, null, null, 5, null, 9, 7, 6, null, null, 8, null, 1, 7, 8, 3, null, null, null, 6, 7, null, 4, 1, null, null, 2, null, 9, 6, 2, 5, 7, null, null, null, null, null, null, 9, 1, null, 2, null, 7, null, null]}"
34fefe6f54b2da47a96bf3e31f10532cf3ae1dabae165e6456abb2963a5529e7,2021-02-02 09:13:58.234709,Sudoku,"{""solved"": [1, 2, 9, 4, 8, 3, 6, 7, 5, 6, 5, 3, 7, 1, 9, 2, 8, 4, 8, 7, 4, 5, 6, 2, 9, 3, 1, 7, 8, 1, 9, 4, 5, 3, 6, 2, 2, 3, 5, 1, 7, 6, 4, 9, 8, 9, 4, 6, 2, 3, 8, 1, 5, 7, 5, 6, 2, 8, 9, 4, 7, 1, 3, 4, 9, 7, 3, 5, 1, 8, 2, 6, 3, 1, 8, 6, 2, 7, 5, 4, 9], ""unsolved"": [null, null, null, 4, 8, 3, 6, null, null, null, 5, null, null, null, null, 2, null, 4, 8, 7, 4, 5, null, null, null, null, 1, null, 8, 1, 9, null, 5, null, 6, null, 2, 3, 5, 1, null, null, 4, 9, null, null, null, 6, null, null, null, null, 5, 7, null, null, null, null, 9, null, null, null, null, 4, null, null, null, null, null, null, 2, 6, null, null, 8, null, 2, null, null, 4, 9]}"
65e0d4f273c6c370fbe79aa27b47f99621695431ce45b401616d77b5c3a15bf8,2021-02-02 08:55:58.300975,Sudoku,"{""solved"": [4, 9, 7, 3, 6, 8, 5, 1, 2, 5, 8, 2, 4, 9, 1, 3, 7, 6, 3, 6, 1, 5, 2, 7, 4, 8, 9, 6, 2, 5, 7, 1, 4, 8, 9, 3, 9, 7, 8, 6, 3, 2, 1, 4, 5, 1, 3, 4, 9, 8, 5, 6, 2, 7, 8, 5, 9, 1, 7, 3, 2, 6, 4, 2, 4, 6, 8, 5, 9, 7, 3, 1, 7, 1, 3, 2, 4, 6, 9, 5, 8], ""unsolved"": [null, null, 7, 3, 6, 8, null, 1, 2, null, 8, null, null, 9, 1, 3, null, null, 3, null, 1, 5, 2, null, null, 8, 9, null, null, null, null, 1, null, 8, 9, null, null, null, 8, null, null, 2, null, 4, null, 1, null, null, null, null, 5, null, null, null, 8, null, 9, null, 7, null, null, 6, 4, null, 4, 6, 8, null, null, null, null, null, null, null, null, 2, null, 6, null, 5, null]}"
4fde7a7c971fe942be898a8d1299b7876030e0f7d6f9cd34a82c6df94a765924,2021-02-01 23:19:29.638800,Sudoku,"{""solved"": [4, 2, 7, 9, 6, 1, 3, 5, 8, 1, 9, 6, 3, 5, 8, 2, 7, 4, 5, 3, 8, 2, 7, 4, 1, 9, 6, 8, 7, 5, 4, 3, 9, 6, 1, 2, 2, 6, 3, 1, 8, 7, 9, 4, 5, 9, 1, 4, 5, 2, 6, 8, 3, 7, 6, 8, 1, 7, 4, 3, 5, 2, 9, 3, 4, 2, 8, 9, 5, 7, 6, 1, 7, 5, 9, 6, 1, 2, 4, 8, 3], ""unsolved"": [4, null, null, 9, null, null, null, null, null, null, null, 6, 3, null, 8, 2, null, null, 5, 3, 8, 2, null, null, 1, null, null, null, null, null, null, 3, null, 6, null, null, null, null, null, null, 8, null, null, 4, null, null, 1, 4, null, null, 6, null, null, 7, null, null, null, null, 4, 3, 5, 2, null, 3, null, null, null, 9, null, 7, 6, 1, 7, null, null, 6, null, null, null, 8, 3]}"
4eeb25a1a216b2714e1fb7638b9ecad29b7d5591fd7487bcd292ce3f5d2f37be,2021-02-01 22:58:01.303309,Sudoku,"{""solved"": [6, 7, 2, 3, 9, 8, 1, 5, 4, 5, 3, 9, 7, 4, 1, 2, 8, 6, 1, 8, 4, 5, 6, 2, 9, 3, 7, 2, 6, 5, 9, 7, 3, 8, 4, 1, 8, 4, 3, 6, 1, 5, 7, 2, 9, 7, 9, 1, 8, 2, 4, 5, 6, 3, 4, 1, 8, 2, 3, 9, 6, 7, 5, 9, 5, 7, 4, 8, 6, 3, 1, 2, 3, 2, 6, 1, 5, 7, 4, 9, 8], ""unsolved"": [null, null, null, null, 9, null, null, 5, null, null, 3, null, null, 4, 1, 2, null, null, 1, 8, null, null, null, null, null, 3, null, 2, null, null, null, 7, 3, null, null, null, 8, 4, null, null, null, null, 7, 2, null, 7, null, 1, 8, null, null, null, null, null, null, null, null, null, null, 9, null, null, null, null, null, null, null, 8, 6, null, null, null, null, null, 6, 1, null, 7, 4, null, 8]}"
aa2ed72a6aa7147845759206df4e0dba12b9fcaf060980fab001c680d4cb461e,2021-02-01 22:53:02.364943,Sudoku,"{""solved"": [9, 3, 7, 4, 1, 2, 5, 6, 8, 1, 6, 5, 3, 8, 7, 2, 4, 9, 2, 8, 4, 5, 9, 6, 1, 3, 7, 7, 2, 8, 6, 5, 1, 3, 9, 4, 3, 1, 9, 7, 4, 8, 6, 2, 5, 5, 4, 6, 2, 3, 9, 8, 7, 1, 8, 5, 2, 9, 6, 4, 7, 1, 3, 4, 7, 1, 8, 2, 3, 9, 5, 6, 6, 9, 3, 1, 7, 5, 4, 8, 2], ""unsolved"": [null, 3, 7, 4, 1, null, 5, 6, null, null, null, null, null, null, 7, 2, null, null, 2, null, null, 5, null, null, null, null, 7, 7, null, 8, 6, 5, null, 3, null, 4, null, 1, null, 7, null, null, null, null, null, null, null, 6, 2, null, null, 8, null, 1, 8, null, null, 9, null, null, 7, 1, 3, null, null, 1, 8, 2, null, null, 5, null, null, null, null, 1, null, null, 4, null, null]}"
92628ee0e9f2063386c09e52f61943a41132e56e83bed1208a3e98cb89de8cde,2021-02-01 22:48:48.976566,Sudoku,"{""solved"": [7, 3, 6, 5, 2, 4, 9, 8, 1, 1, 2, 5, 7, 9, 8, 6, 3, 4, 4, 8, 9, 6, 1, 3, 5, 2, 7, 5, 6, 7, 1, 3, 9, 2, 4, 8, 2, 9, 8, 4, 5, 7, 3, 1, 6, 3, 1, 4, 2, 8, 6, 7, 9, 5, 6, 4, 3, 8, 7, 2, 1, 5, 9, 9, 7, 1, 3, 4, 5, 8, 6, 2, 8, 5, 2, 9, 6, 1, 4, 7, 3], ""unsolved"": [null, null, 6, null, null, 4, null, 8, 1, null, null, 5, null, null, null, 6, null, null, null, 8, null, 6, null, 3, 5, 2, null, null, null, null, 1, 3, 9, 2, 4, null, null, null, 8, null, null, null, null, null, null, null, null, 4, null, null, null, 7, 9, null, 6, null, null, null, 7, null, null, 5, null, 9, null, null, 3, 4, null, null, 6, null, null, 5, null, 9, null, null, null, null, null]}"
9832c1c0f29ed7f07ae61777797c1d1f678cb7657fc6aff80d14b2457cf17e9e,2021-02-01 22:46:39.147820,Sudoku,"{""solved"": [9, 8, 5, 6, 4, 1, 2, 3, 7, 2, 4, 6, 7, 3, 9, 8, 5, 1, 1, 3, 7, 5, 8, 2, 9, 6, 4, 7, 5, 8, 3, 1, 6, 4, 9, 2, 3, 1, 9, 4, 2, 8, 5, 7, 6, 4, 6, 2, 9, 7, 5, 1, 8, 3, 8, 7, 1, 2, 5, 3, 6, 4, 9, 5, 9, 4, 1, 6, 7, 3, 2, 8, 6, 2, 3, 8, 9, 4, 7, 1, 5], ""unsolved"": [9, 8, null, 6, 4, null, 2, null, 7, null, null, 6, null, null, 9, null, 5, null, 1, null, null, 5, 8, null, null, null, 4, 7, null, 8, null, null, 6, 4, 9, 2, 3, null, 9, null, null, 8, 5, null, 6, null, null, 2, 9, 7, 5, null, null, 3, null, 7, 1, null, 5, 3, 6, 4, null, 5, null, 4, null, 6, 7, 3, 2, null, 6, null, null, null, null, 4, 7, null, 5]}"
53dc80421f7695656e2aa44ec47cd839dea6143c58cb77382c24e1e1fbe131f3,2021-02-01 22:45:25.025527,Sudoku,"{""solved"": [4, 5, 7, 6, 1, 8, 2, 9, 3, 6, 9, 2, 7, 3, 4, 1, 8, 5, 3, 1, 8, 5, 2, 9, 6, 4, 7, 1, 3, 6, 8, 4, 7, 5, 2, 9, 2, 4, 9, 3, 6, 5, 7, 1, 8, 7, 8, 5, 1, 9, 2, 3, 6, 4, 5, 7, 4, 2, 8, 6, 9, 3, 1, 9, 2, 1, 4, 5, 3, 8, 7, 6, 8, 6, 3, 9, 7, 1, 4, 5, 2], ""unsolved"": [null, 5, 7, null, 1, null, 2, 9, null, 6, null, 2, 7, 3, 4, 1, 8, null, null, null, 8, 5, null, null, 6, null, 7, null, null, null, 8, 4, null, 5, 2, null, null, 4, 9, null, null, 5, null, 1, 8, 7, null, 5, 1, 9, null, 3, 6, 4, 5, 7, 4, 2, null, null, 9, 3, 1, null, null, 1, 4, null, null, null, 7, 6, null, 6, null, null, 7, 1, null, 5, null]}"
82931a64979d0c747ce719b80677dde6abe639975ea8868bd47db61f1fc03870,2021-02-01 19:42:36.304552,Sudoku,"{""solved"": [4, 5, 1, 2, 6, 3, 9, 8, 7, 3, 2, 9, 1, 8, 7, 6, 4, 5, 6, 7, 8, 4, 9, 5, 1, 2, 3, 9, 1, 6, 8, 3, 4, 5, 7, 2, 7, 4, 5, 6, 2, 1, 3, 9, 8, 2, 8, 3, 5, 7, 9, 4, 1, 6, 1, 6, 2, 9, 5, 8, 7, 3, 4, 8, 9, 7, 3, 4, 6, 2, 5, 1, 5, 3, 4, 7, 1, 2, 8, 6, 9], ""unsolved"": [null, null, 1, 2, null, null, 9, 8, null, null, null, 9, null, 8, 7, null, 4, 5, null, null, 8, 4, 9, 5, null, 2, null, 9, 1, 6, 8, 3, null, 5, null, null, 7, 4, null, null, null, 1, 3, 9, 8, null, 8, 3, null, null, null, null, null, null, null, null, 2, 9, null, 8, null, null, 4, null, null, null, 3, null, null, null, 5, 1, null, 3, 4, 7, null, 2, null, null, 9]}"
f7c3ec54617c337bad3319433d71c128cf71c78a30bea9e5e344eeba7b410edd,2021-02-01 19:41:21.532145,Sudoku,"{""solved"": [1, 7, 5, 2, 9, 3, 8, 4, 6, 6, 3, 8, 4, 1, 7, 5, 2, 9, 4, 2, 9, 5, 6, 8, 7, 1, 3, 8, 1, 3, 7, 5, 6, 4, 9, 2, 2, 5, 7, 1, 4, 9, 6, 3, 8, 9, 4, 6, 3, 8, 2, 1, 7, 5, 5, 6, 1, 9, 2, 4, 3, 8, 7, 7, 8, 2, 6, 3, 1, 9, 5, 4, 3, 9, 4, 8, 7, 5, 2, 6, 1], ""unsolved"": [null, null, 5, 2, 9, null, null, null, 6, null, null, null, null, null, 7, null, null, null, 4, 2, null, null, null, null, 7, null, null, null, 1, null, 7, 5, null, null, null, 2, 2, null, null, 1, null, 9, null, null, null, 9, null, null, 3, 8, null, null, null, null, null, 6, 1, null, null, null, 3, null, 7, 7, null, null, 6, null, 1, 9, null, null, 3, 9, null, null, 7, 5, 2, null, null]}"
20c71f25dcfbacf9c2c057bc28163c4a850bc0889c85d8f8e8f40efbce520da8,2021-02-01 19:35:25.289914,Sudoku,"{""solved"": [1, 8, 4, 6, 7, 3, 2, 9, 5, 7, 2, 6, 9, 8, 5, 1, 4, 3, 9, 5, 3, 2, 1, 4, 7, 6, 8, 6, 7, 8, 4, 2, 1, 3, 5, 9, 5, 9, 2, 3, 6, 7, 4, 8, 1, 4, 3, 1, 5, 9, 8, 6, 2, 7, 2, 1, 7, 8, 5, 6, 9, 3, 4, 8, 4, 9, 7, 3, 2, 5, 1, 6, 3, 6, 5, 1, 4, 9, 8, 7, 2], ""unsolved"": [null, null, null, 6, null, 3, null, null, null, null, 2, null, 9, null, null, 1, null, 3, 9, 5, null, null, 1, null, 7, null, null, null, null, null, 4, null, null, 3, null, 9, 5, 9, 2, null, null, null, 4, null, 1, null, null, 1, null, 9, null, null, null, 7, null, 1, null, 8, null, null, null, null, 4, null, null, null, null, 3, null, 5, 1, null, null, 6, 5, null, null, null, 8, null, 2]}"
ddac8144a764d6e59e8de9809fc9daa94765760087284116cf81e411a233e7f5,2021-02-01 19:34:32.740918,Sudoku,"{""solved"": [4, 5, 3, 6, 2, 7, 9, 8, 1, 1, 7, 9, 3, 5, 8, 2, 4, 6, 8, 6, 2, 4, 1, 9, 3, 7, 5, 5, 2, 4, 7, 3, 6, 1, 9, 8, 7, 3, 8, 5, 9, 1, 6, 2, 4, 6, 9, 1, 2, 8, 4, 5, 3, 7, 3, 4, 7, 9, 6, 5, 8, 1, 2, 2, 1, 6, 8, 7, 3, 4, 5, 9, 9, 8, 5, 1, 4, 2, 7, 6, 3], ""unsolved"": [4, null, null, null, null, 7, 9, null, null, 1, 7, null, null, null, 8, 2, null, 6, 8, 6, null, null, null, null, null, null, null, 5, null, 4, null, null, null, 1, null, null, 7, null, null, null, 9, 1, null, 2, null, null, null, 1, null, 8, null, 5, null, null, 3, null, 7, null, null, null, 8, null, null, 2, null, null, null, 7, 3, 4, 5, 9, null, 8, null, null, 4, null, 7, null, null]}"
c1617daa3fd5c73ebe7578102b9af4b2369960cdfc93c14e81d62ec98369221d,2021-02-01 19:33:28.573437,Sudoku,"{""solved"": [8, 4, 9, 3, 6, 1, 2, 7, 5, 5, 1, 3, 9, 7, 2, 8, 4, 6, 6, 2, 7, 4, 5, 8, 3, 9, 1, 7, 3, 2, 6, 1, 9, 4, 5, 8, 1, 6, 5, 8, 4, 3, 7, 2, 9, 4, 9, 8, 7, 2, 5, 6, 1, 3, 3, 8, 1, 2, 9, 7, 5, 6, 4, 9, 7, 6, 5, 8, 4, 1, 3, 2, 2, 5, 4, 1, 3, 6, 9, 8, 7], ""unsolved"": [null, null, null, null, 6, 1, null, null, null, null, 1, null, null, null, null, null, 4, null, 6, null, null, 4, null, null, 3, 9, null, 7, null, null, 6, null, 9, null, 5, 8, null, 6, null, 8, 4, null, null, 2, null, 4, 9, null, null, null, null, null, null, null, 3, null, null, null, 9, 7, null, null, null, null, null, 6, null, null, 4, 1, null, 2, 2, null, null, null, null, 6, 9, 8, null]}"
b80b2e7f7bf8fa17a489236bb2e035efe4f5fd46615b8d4e3c3235fc03f4306c,2021-02-01 19:32:20.263066,Sudoku,"{""solved"": [7, 9, 4, 6, 2, 1, 8, 3, 5, 6, 5, 2, 3, 4, 8, 9, 7, 1, 8, 1, 3, 5, 7, 9, 6, 2, 4, 3, 6, 5, 8, 1, 7, 4, 9, 2, 9, 2, 1, 4, 6, 5, 3, 8, 7, 4, 7, 8, 9, 3, 2, 1, 5, 6, 2, 3, 7, 1, 9, 4, 5, 6, 8, 5, 4, 9, 2, 8, 6, 7, 1, 3, 1, 8, 6, 7, 5, 3, 2, 4, 9], ""unsolved"": [null, null, 4, null, 2, 1, null, null, null, null, 5, 2, 3, null, 8, 9, null, null, 8, null, 3, null, null, 9, null, null, 4, 3, 6, null, 8, 1, null, 4, null, 2, null, null, null, null, 6, 5, null, 8, null, 4, 7, null, 9, 3, null, 1, null, null, null, 3, null, null, 9, null, 5, null, 8, null, null, null, 2, null, null, null, null, 3, null, 8, null, null, null, null, 2, 4, 9]}"
f97cb85afc1ad91777a9c3e8889975ceacb66441963c2e59a9ac6c052ae50f60,2021-02-01 19:29:25.586497,Sudoku,"{""solved"": [5, 4, 2, 3, 7, 9, 1, 8, 6, 3, 8, 6, 1, 4, 2, 5, 7, 9, 9, 7, 1, 6, 5, 8, 4, 3, 2, 4, 3, 7, 9, 1, 5, 6, 2, 8, 6, 9, 5, 2, 8, 4, 7, 1, 3, 2, 1, 8, 7, 3, 6, 9, 4, 5, 7, 6, 3, 5, 2, 1, 8, 9, 4, 8, 2, 9, 4, 6, 7, 3, 5, 1, 1, 5, 4, 8, 9, 3, 2, 6, 7], ""unsolved"": [null, 4, null, null, null, null, 1, 8, null, null, 8, null, null, null, 2, 5, null, null, 9, null, 1, null, null, null, 4, null, null, null, null, 7, null, null, 5, null, 2, null, null, null, null, null, null, 4, 7, 1, 3, 2, 1, null, 7, null, null, null, null, null, 7, null, 3, 5, 2, 1, null, null, null, null, null, null, null, null, null, null, 5, null, 1, null, 4, null, 9, 3, null, 6, null]}"
4be97dc4281e74a045aa6d84fb64ada439f39d8e5def450f37778aaccab9abcd,2021-02-01 18:57:19.372239,Sudoku,"{""solved"": [9, 4, 1, 2, 8, 5, 3, 7, 6, 8, 7, 6, 3, 4, 9, 5, 2, 1, 5, 2, 3, 1, 6, 7, 9, 4, 8, 3, 8, 5, 6, 9, 4, 2, 1, 7, 6, 1, 4, 7, 2, 3, 8, 9, 5, 2, 9, 7, 8, 5, 1, 6, 3, 4, 4, 5, 2, 9, 7, 6, 1, 8, 3, 7, 3, 8, 5, 1, 2, 4, 6, 9, 1, 6, 9, 4, 3, 8, 7, 5, 2], ""unsolved"": [9, null, null, null, 8, null, 3, null, 6, 8, null, null, 3, 4, 9, 5, 2, null, 5, null, null, 1, 6, 7, 9, null, 8, null, null, 5, 6, 9, 4, 2, null, 7, 6, null, 4, null, 2, null, 8, 9, 5, null, 9, null, 8, null, null, 6, null, 4, 4, null, null, null, null, 6, 1, 8, 3, null, null, 8, null, 1, null, 4, 6, null, null, null, 9, null, 3, 8, 7, 5, null]}"
0d96b8bdd7df080817edd689c3c49d6c4cb0221da6dc630b264a8531b87e8a4e,2021-02-01 12:38:59.467091,Sudoku,"{""solved"": [4, 3, 7, 5, 8, 2, 6, 9, 1, 2, 9, 8, 1, 7, 6, 4, 3, 5, 5, 6, 1, 9, 3, 4, 7, 2, 8, 3, 2, 5, 8, 9, 7, 1, 4, 6, 8, 7, 4, 2, 6, 1, 9, 5, 3, 6, 1, 9, 4, 5, 3, 8, 7, 2, 9, 5, 6, 3, 4, 8, 2, 1, 7, 1, 8, 3, 7, 2, 9, 5, 6, 4, 7, 4, 2, 6, 1, 5, 3, 8, 9], ""unsolved"": [null, 3, 7, null, 8, null, null, 9, null, 2, 9, null, null, 7, null, 4, null, null, null, 6, null, null, 3, null, null, 2, 8, null, null, null, 8, 9, 7, null, 4, 6, 8, null, null, 2, null, 1, null, null, 3, 6, null, null, null, null, null, 8, 7, 2, 9, 5, 6, null, null, 8, 2, null, 7, 1, 8, null, null, 2, 9, 5, 6, null, 7, 4, 2, null, null, 5, null, 8, null]}"
6f05f1fc3514b06d7994d9a2095ae74cbc5543fcbdbaa4bb680053e1eb97e884,2021-02-01 12:37:58.424093,Sudoku,"{""solved"": [1, 4, 3, 7, 5, 9, 6, 2, 8, 2, 8, 7, 3, 4, 6, 5, 9, 1, 6, 9, 5, 1, 8, 2, 4, 3, 7, 8, 2, 4, 6, 1, 7, 3, 5, 9, 5, 3, 9, 4, 2, 8, 1, 7, 6, 7, 1, 6, 9, 3, 5, 2, 8, 4, 9, 6, 2, 5, 7, 1, 8, 4, 3, 3, 7, 8, 2, 6, 4, 9, 1, 5, 4, 5, 1, 8, 9, 3, 7, 6, 2], ""unsolved"": [null, 4, null, null, null, 9, 6, null, null, null, null, 7, 3, null, 6, null, null, 1, null, null, 5, 1, null, null, null, 3, null, null, 2, null, 6, null, 7, null, null, 9, 5, null, null, 4, 2, null, null, null, null, null, 1, null, 9, null, null, 2, null, null, 9, null, null, null, 7, null, null, 4, 3, null, 7, null, 2, null, 4, null, 1, null, 4, null, 1, null, null, null, 7, null, 2]}"
f292845382b94d5eaf24cc36316cb2e6a60a7d52b78cfdd8b621c14c3bd7c4e4,2021-02-01 12:12:01.843236,Sudoku,"{""solved"": [5, 6, 1, 9, 4, 7, 2, 8, 3, 7, 2, 8, 6, 5, 3, 1, 4, 9, 3, 9, 4, 1, 2, 8, 6, 7, 5, 1, 5, 3, 8, 7, 6, 4, 9, 2, 4, 7, 2, 3, 9, 5, 8, 1, 6, 9, 8, 6, 4, 1, 2, 5, 3, 7, 6, 3, 9, 2, 8, 1, 7, 5, 4, 2, 1, 7, 5, 3, 4, 9, 6, 8, 8, 4, 5, 7, 6, 9, 3, 2, 1], ""unsolved"": [5, 6, 1, 9, 4, 7, 2, null, null, 7, 2, 8, 6, null, 3, 1, 4, 9, null, 9, null, 1, null, null, null, null, 5, 1, null, 3, null, null, 6, null, null, 2, 4, 7, 2, 3, 9, 5, 8, null, 6, 9, null, null, 4, 1, 2, null, 3, 7, null, 3, 9, null, 8, null, null, 5, 4, 2, 1, 7, null, null, 4, 9, null, null, 8, 4, 5, 7, null, 9, 3, 2, null]}"
a7681a218d528791f876d25a493b0c3a1fed4f00fec5c7182b4f24070507cd33,2021-01-31 00:29:20.857527,Sudoku,"{""solved"": [2, 9, 6, 1, 7, 8, 5, 3, 4, 3, 5, 1, 9, 4, 2, 8, 6, 7, 8, 4, 7, 5, 6, 3, 2, 9, 1, 5, 6, 2, 8, 9, 4, 1, 7, 3, 4, 7, 3, 6, 1, 5, 9, 2, 8, 9, 1, 8, 3, 2, 7, 6, 4, 5, 7, 2, 9, 4, 8, 1, 3, 5, 6, 1, 3, 4, 2, 5, 6, 7, 8, 9, 6, 8, 5, 7, 3, 9, 4, 1, 2], ""unsolved"": [null, null, 6, null, null, null, 5, 3, 4, 3, 5, null, 9, 4, null, null, 6, null, 8, null, 7, null, 6, null, null, 9, 1, 5, 6, 2, 8, null, 4, null, 7, 3, 4, 7, 3, 6, 1, null, null, 2, null, null, null, 8, null, 2, 7, null, 4, 5, 7, 2, 9, null, 8, 1, 3, 5, 6, 1, 3, 4, 2, 5, 6, 7, null, 9, null, 8, 5, null, 3, 9, null, 1, 2]}"
5a7a488b1ee725d6c4c5cf8790e2b309f232d2905fd7d490bc9de73dc62d351c,2021-01-30 21:26:26.081950,Sudoku,"{""solved"": [4, 8, 5, 2, 3, 1, 6, 9, 7, 6, 2, 1, 9, 8, 7, 5, 3, 4, 9, 7, 3, 6, 4, 5, 2, 8, 1, 5, 4, 8, 7, 2, 6, 3, 1, 9, 1, 6, 7, 5, 9, 3, 4, 2, 8, 2, 3, 9, 4, 1, 8, 7, 5, 6, 3, 5, 6, 1, 7, 9, 8, 4, 2, 8, 1, 2, 3, 6, 4, 9, 7, 5, 7, 9, 4, 8, 5, 2, 1, 6, 3], ""unsolved"": [null, 8, 5, null, 3, null, 6, null, null, 6, null, null, null, 8, null, 5, 3, 4, 9, null, null, 6, null, 5, null, null, null, 5, 4, null, null, 2, 6, 3, null, null, null, 6, 7, 5, null, 3, null, null, null, 2, null, 9, null, null, 8, 7, 5, 6, null, 5, null, 1, null, null, 8, null, null, null, null, 2, null, null, null, null, null, null, null, null, 4, 8, null, null, 1, null, 3]}"
c300147405a412f55edd911b0ad1f65b12b318f44b7268ba0b54007e87b6a8f2,2021-01-30 21:25:51.913821,Sudoku,"{""solved"": [5, 9, 4, 7, 3, 1, 8, 2, 6, 8, 3, 7, 6, 2, 5, 9, 1, 4, 6, 1, 2, 8, 9, 4, 3, 5, 7, 1, 2, 9, 4, 6, 7, 5, 8, 3, 4, 5, 3, 2, 1, 8, 7, 6, 9, 7, 8, 6, 3, 5, 9, 2, 4, 1, 2, 7, 5, 1, 4, 3, 6, 9, 8, 9, 4, 8, 5, 7, 6, 1, 3, 2, 3, 6, 1, 9, 8, 2, 4, 7, 5], ""unsolved"": [null, null, null, null, null, 1, 8, null, 6, null, 3, null, 6, null, 5, null, 1, 4, null, null, null, 8, null, null, 3, 5, null, 1, 2, null, null, null, null, null, 8, 3, 4, null, null, null, null, null, 7, 6, null, null, null, null, 3, 5, null, null, 4, null, 2, 7, null, 1, 4, null, 6, null, null, 9, 4, null, null, 7, null, 1, 3, null, null, 6, null, 9, null, null, null, 7, null]}"
74cf46ac266ce0d41328cdfbd36fb8e4909c54846645f9edab367f618d818665,2021-01-30 21:24:34.100996,Sudoku,"{""solved"": [4, 2, 9, 1, 7, 3, 8, 5, 6, 7, 6, 5, 2, 4, 8, 3, 1, 9, 1, 8, 3, 5, 9, 6, 7, 2, 4, 6, 4, 1, 3, 8, 7, 5, 9, 2, 2, 9, 7, 4, 6, 5, 1, 8, 3, 3, 5, 8, 9, 2, 1, 6, 4, 7, 5, 7, 2, 8, 3, 4, 9, 6, 1, 8, 3, 4, 6, 1, 9, 2, 7, 5, 9, 1, 6, 7, 5, 2, 4, 3, 8], ""unsolved"": [null, null, null, 1, 7, null, null, 5, 6, null, 6, 5, 2, null, null, 3, 1, null, null, null, 3, null, null, null, null, 2, 4, 6, null, null, 3, null, 7, null, 9, null, 2, 9, 7, 4, null, null, null, 8, 3, null, null, null, null, null, null, null, null, 7, null, 7, 2, null, null, null, 9, null, 1, 8, 3, 4, null, 1, null, 2, 7, 5, null, 1, 6, 7, null, 2, 4, 3, null]}"
51f1156fc917eac1a7dbee2458c139aeb4925e7657802c353a751248eb1ea1b6,2021-01-30 20:05:38.717283,Sudoku,"{""solved"": [6, 7, 1, 3, 9, 2, 8, 5, 4, 4, 5, 8, 7, 1, 6, 3, 9, 2, 9, 3, 2, 4, 5, 8, 6, 7, 1, 2, 6, 9, 8, 7, 1, 5, 4, 3, 7, 4, 3, 5, 2, 9, 1, 8, 6, 8, 1, 5, 6, 4, 3, 9, 2, 7, 3, 2, 4, 1, 8, 5, 7, 6, 9, 5, 9, 6, 2, 3, 7, 4, 1, 8, 1, 8, 7, 9, 6, 4, 2, 3, 5], ""unsolved"": [null, 7, 1, 3, 9, null, 8, 5, null, 4, null, 8, 7, null, null, 3, null, null, 9, 3, 2, 4, null, null, 6, null, null, 2, 6, 9, null, null, 1, 5, 4, 3, 7, null, 3, 5, 2, 9, null, 8, null, 8, null, 5, null, 4, 3, 9, 2, 7, 3, 2, 4, 1, 8, 5, 7, null, 9, 5, 9, null, 2, null, 7, 4, 1, 8, 1, 8, null, 9, null, null, null, 3, null]}"
44b9a4c4d96591ab6a369823ae9ade9472a7f82fc0f8f1038adc5c7f1bcb3645,2021-01-30 15:43:00.783056,Riddle,"{""Question"": ""What did the sweet gherkin say to the pickle?"", ""Answer"": ""You are a Dill-ight to see!""}"
0618bbcc51f63b214fcb8be8cef8b2bbd3835f88bc12a4eb0ff38c69755fd21e,2021-01-30 14:37:05.593351,Sudoku,"{""solved"": [1, 5, 8, 3, 4, 7, 9, 6, 2, 7, 4, 6, 1, 9, 2, 5, 3, 8, 3, 9, 2, 5, 8, 6, 7, 4, 1, 5, 7, 1, 8, 3, 4, 6, 2, 9, 6, 3, 9, 7, 2, 1, 8, 5, 4, 2, 8, 4, 9, 6, 5, 3, 1, 7, 8, 1, 7, 4, 5, 3, 2, 9, 6, 9, 6, 5, 2, 1, 8, 4, 7, 3, 4, 2, 3, 6, 7, 9, 1, 8, 5], ""unsolved"": [1, null, null, 3, 4, null, 9, null, 2, null, 4, null, 1, null, null, 5, null, 8, null, 9, 2, null, 8, 6, null, 4, null, 5, 7, 1, 8, null, null, null, 2, null, 6, 3, null, null, 2, 1, null, null, 4, 2, 8, null, null, null, 5, 3, 1, 7, null, 1, null, null, 5, 3, 2, 9, null, 9, null, null, null, null, null, 4, null, null, null, null, 3, 6, 7, null, 1, null, null]}"
4127e91a41d97760ed955a9b1486b68b0cc358c16133cffec1480e54ebed23e7,2021-01-30 14:34:49.280859,Sudoku,"{""solved"": [5, 7, 8, 4, 3, 9, 6, 1, 2, 3, 9, 6, 7, 1, 2, 5, 8, 4, 4, 2, 1, 5, 6, 8, 7, 3, 9, 8, 6, 9, 1, 2, 7, 3, 4, 5, 7, 4, 2, 3, 9, 5, 8, 6, 1, 1, 3, 5, 6, 8, 4, 2, 9, 7, 6, 5, 4, 8, 7, 1, 9, 2, 3, 2, 1, 3, 9, 5, 6, 4, 7, 8, 9, 8, 7, 2, 4, 3, 1, 5, 6], ""unsolved"": [null, 7, 8, 4, null, null, null, null, null, null, null, null, null, 1, 2, null, 8, 4, 4, null, 1, null, null, 8, 7, 3, 9, 8, 6, null, 1, null, 7, null, null, 5, 7, null, 2, 3, null, null, null, 6, null, null, null, 5, null, null, null, null, 9, 7, null, 5, 4, 8, 7, 1, null, 2, 3, 2, 1, null, null, null, null, null, 7, 8, 9, 8, null, 2, 4, null, null, null, 6]}"
